RaceId,Year,Round,CircuitId,Name,Date,Url
1098,2023,1,3,Bahrain Grand Prix,2023-03-05,https://en.wikipedia.org/wiki/2023_Bahrain_Grand_Prix
1099,2023,2,77,Saudi Arabian Grand Prix,2023-03-19,https://en.wikipedia.org/wiki/2023_Saudi_Arabian_Grand_Prix
1100,2023,3,1,Australian Grand Prix,2023-04-02,https://en.wikipedia.org/wiki/2023_Australian_Grand_Prix
1101,2023,4,73,Azerbaijan Grand Prix,2023-04-30,https://en.wikipedia.org/wiki/2023_Azerbaijan_Grand_Prix
1102,2023,5,79,Miami Grand Prix,2023-05-07,https://en.wikipedia.org/wiki/2023_Miami_Grand_Prix
1103,2023,6,21,Emilia Romagna Grand Prix,2023-05-21,https://en.wikipedia.org/wiki/2023_Emilia_Romagna_Grand_Prix
1104,2023,7,6,Monaco Grand Prix,2023-05-28,https://en.wikipedia.org/wiki/2023_Monaco_Grand_Prix
1105,2023,8,4,Spanish Grand Prix,2023-06-04,https://en.wikipedia.org/wiki/2023_Spanish_Grand_Prix
1106,2023,9,7,Canadian Grand Prix,2023-06-18,https://en.wikipedia.org/wiki/2023_Canadian_Grand_Prix
1107,2023,10,70,Austrian Grand Prix,2023-07-02,https://en.wikipedia.org/wiki/2023_Austrian_Grand_Prix
1108,2023,11,9,British Grand Prix,2023-07-09,https://en.wikipedia.org/wiki/2023_British_Grand_Prix
1109,2023,12,11,Hungarian Grand Prix,2023-07-23,https://en.wikipedia.org/wiki/2023_Hungarian_Grand_Prix
1110,2023,13,13,Belgian Grand Prix,2023-07-30,https://en.wikipedia.org/wiki/2023_Belgian_Grand_Prix
1111,2023,14,39,Dutch Grand Prix,2023-08-27,https://en.wikipedia.org/wiki/2023_Dutch_Grand_Prix
1112,2023,15,14,Italian Grand Prix,2023-09-03,https://en.wikipedia.org/wiki/2023_Italian_Grand_Prix
1113,2023,16,15,Singapore Grand Prix,2023-09-17,https://en.wikipedia.org/wiki/2023_Singapore_Grand_Prix
1114,2023,17,22,Japanese Grand Prix,2023-09-24,https://en.wikipedia.org/wiki/2023_Japanese_Grand_Prix
1115,2023,18,78,Qatar Grand Prix,2023-10-08,https://en.wikipedia.org/wiki/2023_Qatar_Grand_Prix
1116,2023,19,69,United States Grand Prix,2023-10-22,https://en.wikipedia.org/wiki/2023_United_States_Grand_Prix
1117,2023,20,32,Mexico City Grand Prix,2023-10-29,https://en.wikipedia.org/wiki/2023_Mexico_City_Grand_Prix
1118,2023,21,18,SÃ£o Paulo Grand Prix,2023-11-05,https://en.wikipedia.org/wiki/2023_S%C3%A3o_Paulo_Grand_Prix
1119,2023,22,80,Las Vegas Grand Prix,2023-11-19,https://en.wikipedia.org/wiki/2023_Las_Vegas_Grand_Prix
1120,2023,23,24,Abu Dhabi Grand Prix,2023-11-26,https://en.wikipedia.org/wiki/2023_Abu_Dhabi_Grand_Prix
